<?xml version="1.0" encoding="UTF-8"?>
<project-private xmlns="http://www.netbeans.org/ns/project-private/1">
    <editor-bookmarks xmlns="http://www.netbeans.org/ns/editor-bookmarks/2" lastBookmarkId="0"/>
    <open-files xmlns="http://www.netbeans.org/ns/projectui-open-files/2">
        <group>
            <file>file:/C:/Users/sain0490/OneDrive%20-%20University%20of%20Idaho/2024/ECE341/Lab_01/Project_01.X/CerebotMX7cK.h</file>
            <file>file:/C:/Users/sain0490/OneDrive%20-%20University%20of%20Idaho/2024/ECE341/Lab_01/Project_01.X/config_bits.h</file>
            <file>file:/C:/Users/sain0490/OneDrive%20-%20University%20of%20Idaho/2024/ECE341/Lab_01/Project_01.X/plib.h</file>
            <file>file:/C:/Users/sain0490/OneDrive%20-%20University%20of%20Idaho/2024/ECE341/Lab_01/Project_01.X/CerebotMX7cK.c</file>
            <file>file:/C:/Users/sain0490/OneDrive%20-%20University%20of%20Idaho/2024/ECE341/Lab_01/Project_01.X/Project1.h</file>
            <file>file:/C:/Users/sain0490/OneDrive%20-%20University%20of%20Idaho/2024/ECE341/Lab_01/Project_01.X/Project1.c</file>
        </group>
    </open-files>
</project-private>
